"DESCRIPTION","DURATION IN MS","NAME","PARENT SUITE","START TIME","STATUS","STOP TIME","SUB SUITE","SUITE","TEST CLASS","TEST METHOD"
"","3072","adminCannotDepositToUserAccountTest()","","2026-08-14","passed","2026-08-14","","iteration_2.api.AccountsDepositTest","iteration_2.api.AccountsDepositTest","adminCannotDepositToUserAccountTest"
"","8485","unauthorizedUserCannotUpdateNameTest()","","2026-08-14","passed","2026-08-14","","iteration_2.api.UpdateNameUserTest","iteration_2.api.UpdateNameUserTest","unauthorizedUserCannotUpdateNameTest"
"","16869","userCannotTransferWithoutConfirmTest()","","2026-08-14","passed","2026-08-14","","iteration_2.ui.AccountsTransferTest","iteration_2.ui.AccountsTransferTest","userCannotTransferWithoutConfirmTest"
"","17524","userCannotTransferFromNonExistentAccountTest()","","2026-08-14","passed","2026-08-14","","iteration_2.api.AccountsTransferTest","iteration_2.api.AccountsTransferTest","userCannotTransferFromNonExistentAccountTest"
"","10328","userCannotTransferAmountExceedingBalanceBetweenTheirAccountTest()","","2026-08-14","passed","2026-08-14","","iteration_2.api.AccountsTransferTest","iteration_2.api.AccountsTransferTest","userCannotTransferAmountExceedingBalanceBetweenTheirAccountTest"
"","4097","userCannotUpdateNameWithInValidDataTest(String, String) [3] name=sffzNZwmCn, errorValue=Name must contain two words with letters only","","2026-08-14","passed","2026-08-14","","iteration_2.api.UpdateNameUserTest","iteration_2.api.UpdateNameUserTest","userCannotUpdateNameWithInValidDataTest"
"","4532","userCanTransferBetweenTheirAccountWithValidDataTest(Double) [1] amount=0.01","","2026-08-14","passed","2026-08-14","","iteration_2.api.AccountsTransferTest","iteration_2.api.AccountsTransferTest","userCanTransferBetweenTheirAccountWithValidDataTest"
"","5116","userCannotUpdateNameWithInValidDataTest(String, String) [1] name=, errorValue=Name must contain two words with letters only","","2026-08-14","passed","2026-08-14","","iteration_2.api.UpdateNameUserTest","iteration_2.api.UpdateNameUserTest","userCannotUpdateNameWithInValidDataTest"
"","8298","userCannotUpdateNameWithInValidDataTest(String, String) [5] name=sKRVB EHiQO^, errorValue=Name must contain two words with letters only","","2026-08-14","passed","2026-08-14","","iteration_2.api.UpdateNameUserTest","iteration_2.api.UpdateNameUserTest","userCannotUpdateNameWithInValidDataTest"
"","11291","adminCanCrateUserTest()","","2026-08-14","passed","2026-08-14","","iteration_1.ui.CreateUserTest","iteration_1.ui.CreateUserTest","adminCanCrateUserTest"
"","0","userCanTransferWithValidDataTest()","","2026-08-14","skipped","2026-08-14","","iteration_2.ui.AccountsTransferTest","iteration_2.ui.AccountsTransferTest","userCanTransferWithValidDataTest"
"","6112","adminCannotTransferFromUserAccountToAnotherUsersAccountTest()","","2026-08-14","passed","2026-08-14","","iteration_2.api.AccountsTransferTest","iteration_2.api.AccountsTransferTest","adminCannotTransferFromUserAccountToAnotherUsersAccountTest"
"","2421","unauthorizedUserCannotDepositFundsToAccountTest()","","2026-08-14","passed","2026-08-14","","iteration_2.api.AccountsDepositTest","iteration_2.api.AccountsDepositTest","unauthorizedUserCannotDepositFundsToAccountTest"
"","0","userCanSearchTransactionWithValidName()","","2026-08-14","skipped","2026-08-14","","iteration_2.ui.AccountsTransferTest","iteration_2.ui.AccountsTransferTest","userCanSearchTransactionWithValidName"
"","7901","userCannotDepositWithoutSelectedAccountTest()","","2026-08-14","passed","2026-08-14","","iteration_2.ui.AccountsDepositTest","iteration_2.ui.AccountsDepositTest","userCannotDepositWithoutSelectedAccountTest"
"","6661","adminCannotCrateUserWithInvalidDataTest()","","2026-08-14","passed","2026-08-14","","iteration_1.ui.CreateUserTest","iteration_1.ui.CreateUserTest","adminCannotCrateUserWithInvalidDataTest"
"","4938","adminCanNotCreateUserWithInvalidDataTest(String, String, String, List) [1] username= , password=Password33$, role=USER, errors=[Username cannot be blank, Username must be between 3 and 15 characters, Username must contain only letters, digits, dashes, underscores, and dots]","","2026-08-14","passed","2026-08-14","","iteration_1.api.CreateUserTest","iteration_1.api.CreateUserTest","adminCanNotCreateUserWithInvalidDataTest"
"","2920","userCannotDepositWithInvalidAmountTest(Double, String) [1] amount=-1.0, errorValue=Invalid account or amount","","2026-08-14","passed","2026-08-14","","iteration_2.api.AccountsDepositTest","iteration_2.api.AccountsDepositTest","userCannotDepositWithInvalidAmountTest"
"","4801","userCannotTransferBetweenTheirAccountWithInvalidDataTest(Double, String) [3] amount=10000.01, errorValue=Transfer amount cannot exceed 10000","","2026-08-14","passed","2026-08-14","","iteration_2.api.AccountsTransferTest","iteration_2.api.AccountsTransferTest","userCannotTransferBetweenTheirAccountWithInvalidDataTest"
"","9841","userCannotUpdateNameWithInvalidDataTest()","","2026-08-14","passed","2026-08-14","","iteration_2.ui.UpdateNameUserTest","iteration_2.ui.UpdateNameUserTest","userCannotUpdateNameWithInvalidDataTest"
"","5278","adminCanLoginWithCorrectDataTest()","","2026-08-14","passed","2026-08-14","","iteration_1.ui.LoginUserTest","iteration_1.ui.LoginUserTest","adminCanLoginWithCorrectDataTest"
"","6962","userCannotDepositWithInvalidAmountTest(Double, String) [2] amount=0.0, errorValue=Invalid account or amount","","2026-08-14","passed","2026-08-14","","iteration_2.api.AccountsDepositTest","iteration_2.api.AccountsDepositTest","userCannotDepositWithInvalidAmountTest"
"","2440","userCanDepositWithValidDataTest(Double) [1] amount=0.01","","2026-08-14","passed","2026-08-14","","iteration_2.api.AccountsDepositTest","iteration_2.api.AccountsDepositTest","userCanDepositWithValidDataTest"
"","0","userCanUpdateNameWithValidDataTest()","","2026-08-14","skipped","2026-08-14","","iteration_2.ui.UpdateNameUserTest","iteration_2.ui.UpdateNameUserTest","userCanUpdateNameWithValidDataTest"
"","10779","userCannotDepositWithInvalidData()","","2026-08-14","passed","2026-08-14","","iteration_2.ui.AccountsDepositTest","iteration_2.ui.AccountsDepositTest","userCannotDepositWithInvalidData"
"","766","adminCanNotCreateUserWithInvalidDataTest(String, String, String, List) [3] username=abc$, password=Password33$, role=USER, errors=[Username must contain only letters, digits, dashes, underscores, and dots]","","2026-08-14","passed","2026-08-14","","iteration_1.api.CreateUserTest","iteration_1.api.CreateUserTest","adminCanNotCreateUserWithInvalidDataTest"
"","3721","userCanTransferBetweenTheirAccountWithValidDataTest(Double) [2] amount=9999.99","","2026-08-14","passed","2026-08-14","","iteration_2.api.AccountsTransferTest","iteration_2.api.AccountsTransferTest","userCanTransferBetweenTheirAccountWithValidDataTest"
"","7266","userCannotTransferToExternalAccountWithInvalidDataTest(Double, String) [3] amount=10000.01, errorValue=Transfer amount cannot exceed 10000","","2026-08-14","passed","2026-08-14","","iteration_2.api.AccountsTransferTest","iteration_2.api.AccountsTransferTest","userCannotTransferToExternalAccountWithInvalidDataTest"
"","12541","userCanLoginWithCorrectDataTest()","","2026-08-14","passed","2026-08-14","","iteration_1.ui.LoginUserTest","iteration_1.ui.LoginUserTest","userCanLoginWithCorrectDataTest"
"","0","userCannotTransferWithInvalidDataTest()","","2026-08-14","skipped","2026-08-14","","iteration_2.ui.AccountsTransferTest","iteration_2.ui.AccountsTransferTest","userCannotTransferWithInvalidDataTest"
"","15284","userCanCreateAccountTest()","","2026-08-14","passed","2026-08-14","","iteration_1.ui.CreateAccountTest","iteration_1.ui.CreateAccountTest","userCanCreateAccountTest"
"","5351","userCannotTransferBetweenTheirAccountWithInvalidDataTest(Double, String) [1] amount=-1.0, errorValue=Invalid transfer: insufficient funds or invalid accounts","","2026-08-14","passed","2026-08-14","","iteration_2.api.AccountsTransferTest","iteration_2.api.AccountsTransferTest","userCannotTransferBetweenTheirAccountWithInvalidDataTest"
"","4954","userCannotTransferToExternalAccountWithInvalidDataTest(Double, String) [2] amount=0.0, errorValue=Invalid transfer: insufficient funds or invalid accounts","","2026-08-14","passed","2026-08-14","","iteration_2.api.AccountsTransferTest","iteration_2.api.AccountsTransferTest","userCannotTransferToExternalAccountWithInvalidDataTest"
"","848","adminCanNotCreateUserWithInvalidDataTest(String, String, String, List) [2] username=ab, password=Password33$, role=USER, errors=[Username must be between 3 and 15 characters]","","2026-08-14","passed","2026-08-14","","iteration_1.api.CreateUserTest","iteration_1.api.CreateUserTest","adminCanNotCreateUserWithInvalidDataTest"
"","12949","userCannotTransferAmountExceedingBalanceToExternalAccountTest()","","2026-08-14","passed","2026-08-14","","iteration_2.api.AccountsTransferTest","iteration_2.api.AccountsTransferTest","userCannotTransferAmountExceedingBalanceToExternalAccountTest"
"","6963","userCannotTransferToExternalAccountWithInvalidDataTest(Double, String) [1] amount=-1.0, errorValue=Invalid transfer: insufficient funds or invalid accounts","","2026-08-14","passed","2026-08-14","","iteration_2.api.AccountsTransferTest","iteration_2.api.AccountsTransferTest","userCannotTransferToExternalAccountWithInvalidDataTest"
"","14779","userCanTransferToExternalAccountWithValidDataTest(Double) [3] amount=10000.0","","2026-08-14","passed","2026-08-14","","iteration_2.api.AccountsTransferTest","iteration_2.api.AccountsTransferTest","userCanTransferToExternalAccountWithValidDataTest"
"","5621","userCannotUpdateNameWithInValidDataTest(String, String) [4] name=QhlkB6 xXFwH, errorValue=Name must contain two words with letters only","","2026-08-14","passed","2026-08-14","","iteration_2.api.UpdateNameUserTest","iteration_2.api.UpdateNameUserTest","userCannotUpdateNameWithInValidDataTest"
"","471","adminCanGenerateAuthTokenTest()","","2026-08-14","passed","2026-08-14","","iteration_1.api.LoginUserTest","iteration_1.api.LoginUserTest","adminCanGenerateAuthTokenTest"
"","2666","userCanGenerateAuthTokenTest()","","2026-08-14","passed","2026-08-14","","iteration_1.api.LoginUserTest","iteration_1.api.LoginUserTest","userCanGenerateAuthTokenTest"
"","8069","userCanTransferBetweenTheirAccountWithValidDataTest(Double) [3] amount=10000.0","","2026-08-14","passed","2026-08-14","","iteration_2.api.AccountsTransferTest","iteration_2.api.AccountsTransferTest","userCanTransferBetweenTheirAccountWithValidDataTest"
"","6308","userCanCreateAccountTest()","","2026-08-14","passed","2026-08-14","","iteration_1.api.CreateAccountTest","iteration_1.api.CreateAccountTest","userCanCreateAccountTest"
"","7075","unauthorizedUserCannotTransferBetweenOwnAccountsTest()","","2026-08-14","passed","2026-08-14","","iteration_2.api.AccountsTransferTest","iteration_2.api.AccountsTransferTest","unauthorizedUserCannotTransferBetweenOwnAccountsTest"
"","3349","userCannotDepositWithInvalidAmountTest(Double, String) [3] amount=5000.01, errorValue=Deposit amount exceeds the 5000 limit","","2026-08-14","passed","2026-08-14","","iteration_2.api.AccountsDepositTest","iteration_2.api.AccountsDepositTest","userCannotDepositWithInvalidAmountTest"
"","2074","userCanDepositWithValidDataTest(Double) [3] amount=5000.0","","2026-08-14","passed","2026-08-14","","iteration_2.api.AccountsDepositTest","iteration_2.api.AccountsDepositTest","userCanDepositWithValidDataTest"
"","6407","userCanTransferToExternalAccountWithValidDataTest(Double) [2] amount=9999.99","","2026-08-14","passed","2026-08-14","","iteration_2.api.AccountsTransferTest","iteration_2.api.AccountsTransferTest","userCanTransferToExternalAccountWithValidDataTest"
"","6728","userCannotTransferBetweenTheirAccountWithInvalidDataTest(Double, String) [2] amount=0.0, errorValue=Invalid transfer: insufficient funds or invalid accounts","","2026-08-14","passed","2026-08-14","","iteration_2.api.AccountsTransferTest","iteration_2.api.AccountsTransferTest","userCannotTransferBetweenTheirAccountWithInvalidDataTest"
"","6860","userCannotTransferToNonExistentAccountTest()","","2026-08-14","passed","2026-08-14","","iteration_2.api.AccountsTransferTest","iteration_2.api.AccountsTransferTest","userCannotTransferToNonExistentAccountTest"
"","2914","authorizedUserCannotDepositToAnotherUsersAccountTest()","","2026-08-14","passed","2026-08-14","","iteration_2.api.AccountsDepositTest","iteration_2.api.AccountsDepositTest","authorizedUserCannotDepositToAnotherUsersAccountTest"
"","6622","userCanTransferToExternalAccountWithValidDataTest(Double) [1] amount=0.01","","2026-08-14","passed","2026-08-14","","iteration_2.api.AccountsTransferTest","iteration_2.api.AccountsTransferTest","userCanTransferToExternalAccountWithValidDataTest"
"","11867","userCanDepositWithValidData()","","2026-08-14","passed","2026-08-14","","iteration_2.ui.AccountsDepositTest","iteration_2.ui.AccountsDepositTest","userCanDepositWithValidData"
"","0","userCanRepeatTransfer()","","2026-08-14","skipped","2026-08-14","","iteration_2.ui.AccountsTransferTest","iteration_2.ui.AccountsTransferTest","userCanRepeatTransfer"
"","13787","userCannotSearchTransactionWithInvalidName()","","2026-08-14","passed","2026-08-14","","iteration_2.ui.AccountsTransferTest","iteration_2.ui.AccountsTransferTest","userCannotSearchTransactionWithInvalidName"
"","6739","authorizedUserCannotDepositToNonExistentAccountTest()","","2026-08-14","passed","2026-08-14","","iteration_2.api.AccountsDepositTest","iteration_2.api.AccountsDepositTest","authorizedUserCannotDepositToNonExistentAccountTest"
"","9332","adminCannotTransferBetweenUserAccountsTest()","","2026-08-14","passed","2026-08-14","","iteration_2.api.AccountsTransferTest","iteration_2.api.AccountsTransferTest","adminCannotTransferBetweenUserAccountsTest"
"","0","userCanUpdateNameWithValidDataTest(String)","","2026-08-14","skipped","2026-08-14","","iteration_2.api.UpdateNameUserTest","iteration_2.api.UpdateNameUserTest","userCanUpdateNameWithValidDataTest"
"","4548","userCannotUpdateNameWithInValidDataTest(String, String) [2] name=   , errorValue=Name must contain two words with letters only","","2026-08-14","passed","2026-08-14","","iteration_2.api.UpdateNameUserTest","iteration_2.api.UpdateNameUserTest","userCannotUpdateNameWithInValidDataTest"
"","6852","adminCanCreateUserWithCorrectDataTest()","","2026-08-14","passed","2026-08-14","","iteration_1.api.CreateUserTest","iteration_1.api.CreateUserTest","adminCanCreateUserWithCorrectDataTest"
"","2231","userCanDepositWithValidDataTest(Double) [2] amount=4999.99","","2026-08-14","passed","2026-08-14","","iteration_2.api.AccountsDepositTest","iteration_2.api.AccountsDepositTest","userCanDepositWithValidDataTest"
"","7026","adminCanNotCreateUserWithInvalidDataTest(String, String, String, List) [4] username=abc%, password=Password33$, role=USER, errors=[Username must contain only letters, digits, dashes, underscores, and dots]","","2026-08-14","passed","2026-08-14","","iteration_1.api.CreateUserTest","iteration_1.api.CreateUserTest","adminCanNotCreateUserWithInvalidDataTest"
